config,run,kind,key,count,bytes,ms
arm64-warm,1,readying,7z.exe,16,0.000,13.905
arm64-warm,1,readying,conhost.exe,2,0.000,13.885
arm64-warm,1,readying,powershell.exe,2,0.000,4.395
arm64-warm,1,readying,MsMpEng.exe,1,0.000,2.428
arm64-warm,1,readying,csrss.exe,2,0.000,0.033
arm64-warm,3,readying,7z.exe,16,0.000,9.739
arm64-warm,3,readying,conhost.exe,2,0.000,8.300
arm64-warm,3,readying,MsMpEng.exe,1,0.000,1.390
arm64-warm,3,readying,powershell.exe,2,0.000,0.379
arm64-warm,3,readying,csrss.exe,2,0.000,0.023
arm64-warm,5,readying,7z.exe,16,0.000,9.448
arm64-warm,5,readying,conhost.exe,2,0.000,8.085
arm64-warm,5,readying,MsMpEng.exe,1,0.000,1.460
arm64-warm,5,readying,powershell.exe,2,0.000,0.496
arm64-warm,5,readying,csrss.exe,4,0.000,0.027
arm64-warm,7,readying,7z.exe,16,0.000,11.372
arm64-warm,7,readying,conhost.exe,2,0.000,8.274
arm64-warm,7,readying,MsMpEng.exe,1,0.000,1.420
arm64-warm,7,readying,powershell.exe,2,0.000,0.403
arm64-warm,7,readying,csrss.exe,2,0.000,0.024
arm64-warm,9,readying,7z.exe,17,0.000,9.529
arm64-warm,9,readying,conhost.exe,2,0.000,8.072
arm64-warm,9,readying,MsMpEng.exe,1,0.000,1.497
arm64-warm,9,readying,powershell.exe,2,0.000,0.369
arm64-warm,9,readying,csrss.exe,2,0.000,0.019
arm64-warm,11,readying,7z.exe,17,0.000,9.934
arm64-warm,11,readying,conhost.exe,2,0.000,8.287
arm64-warm,11,readying,MsMpEng.exe,1,0.000,1.407
arm64-warm,11,readying,powershell.exe,2,0.000,0.389
arm64-warm,11,readying,csrss.exe,2,0.000,0.021
arm64-warm,13,readying,7z.exe,16,0.000,9.667
arm64-warm,13,readying,conhost.exe,2,0.000,8.353
arm64-warm,13,readying,MsMpEng.exe,1,0.000,1.548
arm64-warm,13,readying,powershell.exe,2,0.000,0.419
arm64-warm,13,readying,csrss.exe,2,0.000,0.020
arm64-warm,15,readying,7z.exe,16,0.000,10.242
arm64-warm,15,readying,conhost.exe,2,0.000,8.492
arm64-warm,15,readying,MsMpEng.exe,1,0.000,1.424
arm64-warm,15,readying,powershell.exe,2,0.000,0.416
arm64-warm,15,readying,csrss.exe,2,0.000,0.021
arm64-warm,17,readying,7z.exe,17,0.000,9.758
arm64-warm,17,readying,conhost.exe,2,0.000,8.222
arm64-warm,17,readying,MsMpEng.exe,1,0.000,1.428
arm64-warm,17,readying,powershell.exe,2,0.000,0.439
arm64-warm,17,readying,csrss.exe,2,0.000,0.024
arm64-warm,19,readying,7z.exe,17,0.000,9.339
arm64-warm,19,readying,conhost.exe,2,0.000,8.198
arm64-warm,19,readying,MsMpEng.exe,1,0.000,1.394
arm64-warm,19,readying,powershell.exe,2,0.000,0.407
arm64-warm,19,readying,csrss.exe,2,0.000,0.023
x64-warm,1,readying,7z.exe,20,0.000,27.443
x64-warm,1,readying,conhost.exe,2,0.000,11.643
x64-warm,1,readying,powershell.exe,2,0.000,6.181
x64-warm,1,readying,XtaCache.exe,17,0.000,4.607
x64-warm,1,readying,MsMpEng.exe,3,0.000,2.050
x64-warm,1,readying,csrss.exe,2,0.000,0.043
x64-warm,3,readying,7z.exe,22,0.000,19.692
x64-warm,3,readying,conhost.exe,2,0.000,8.129
x64-warm,3,readying,XtaCache.exe,17,0.000,3.432
x64-warm,3,readying,MsMpEng.exe,9,0.000,1.530
x64-warm,3,readying,powershell.exe,2,0.000,0.749
x64-warm,3,readying,csrss.exe,2,0.000,0.022
x64-warm,5,readying,7z.exe,19,0.000,50.006
x64-warm,5,readying,conhost.exe,2,0.000,14.793
x64-warm,5,readying,XtaCache.exe,17,0.000,7.188
x64-warm,5,readying,MsMpEng.exe,3,0.000,3.697
x64-warm,5,readying,powershell.exe,2,0.000,0.759
x64-warm,5,readying,csrss.exe,2,0.000,0.036
x64-warm,7,readying,7z.exe,18,0.000,19.749
x64-warm,7,readying,conhost.exe,2,0.000,8.417
x64-warm,7,readying,XtaCache.exe,17,0.000,3.318
x64-warm,7,readying,MsMpEng.exe,5,0.000,1.434
x64-warm,7,readying,powershell.exe,2,0.000,0.790
x64-warm,7,readying,csrss.exe,2,0.000,0.025
x64-warm,9,readying,7z.exe,19,0.000,19.641
x64-warm,9,readying,conhost.exe,2,0.000,8.099
x64-warm,9,readying,XtaCache.exe,17,0.000,3.365
x64-warm,9,readying,MsMpEng.exe,3,0.000,1.399
x64-warm,9,readying,powershell.exe,2,0.000,0.777
x64-warm,9,readying,csrss.exe,2,0.000,0.022
x64-warm,11,readying,7z.exe,20,0.000,20.282
x64-warm,11,readying,conhost.exe,2,0.000,8.193
x64-warm,11,readying,XtaCache.exe,17,0.000,3.730
x64-warm,11,readying,MsMpEng.exe,1,0.000,1.477
x64-warm,11,readying,powershell.exe,2,0.000,0.785
x64-warm,11,readying,csrss.exe,2,0.000,0.025
x64-warm,13,readying,7z.exe,18,0.000,18.897
x64-warm,13,readying,conhost.exe,2,0.000,8.204
x64-warm,13,readying,XtaCache.exe,17,0.000,3.399
x64-warm,13,readying,MsMpEng.exe,1,0.000,1.368
x64-warm,13,readying,powershell.exe,2,0.000,0.809
x64-warm,13,readying,csrss.exe,4,0.000,0.036
x64-warm,15,readying,7z.exe,19,0.000,19.622
x64-warm,15,readying,conhost.exe,2,0.000,8.163
x64-warm,15,readying,XtaCache.exe,17,0.000,3.676
x64-warm,15,readying,MsMpEng.exe,1,0.000,1.423
x64-warm,15,readying,powershell.exe,2,0.000,0.814
x64-warm,15,readying,csrss.exe,2,0.000,0.026
x64-warm,17,readying,7z.exe,18,0.000,19.410
x64-warm,17,readying,conhost.exe,2,0.000,8.503
x64-warm,17,readying,XtaCache.exe,17,0.000,3.297
x64-warm,17,readying,MsMpEng.exe,1,0.000,1.414
x64-warm,17,readying,powershell.exe,2,0.000,0.761
x64-warm,17,readying,csrss.exe,4,0.000,0.046
x64-warm,19,readying,7z.exe,19,0.000,19.110
x64-warm,19,readying,conhost.exe,2,0.000,8.091
x64-warm,19,readying,XtaCache.exe,17,0.000,3.428
x64-warm,19,readying,MsMpEng.exe,2,0.000,1.515
x64-warm,19,readying,powershell.exe,2,0.000,0.765
x64-warm,19,readying,csrss.exe,2,0.000,0.020
